acct,dt,status,age,bal
1,3/1/2025,C,5,917.588265120534
2,3/1/25,C,19,198.274173605296
3,3/1/25,C,32,497.488816041861
4,3/1/25,C,22,939.373016947271
5,3/1/25,D,19,556.778170829459
6,3/1/25,D,31,850.753305005862
7,3/1/25,C,1,133.992405890065
8,3/1/25,C,8,805.18399076665
9,3/1/25,C,31,18.1753434167733
10,3/1/25,D,12,538.059876888806
11,3/1/25,C,12,6.06715415295956
12,3/1/25,D,23,69.4761854498809
13,3/1/25,D,3,810.872515453848
14,3/1/25,C,24,222.280232408404
15,3/1/25,C,14,218.273345521474
16,3/1/25,C,29,499.3230828356
17,3/1/25,C,29,565.242435676799
18,3/1/25,D,28,620.279302396052
19,3/1/25,C,17,727.075336743546
20,3/1/25,C,20,856.977475172777
21,3/1/25,D,7,405.198233060322
22,3/1/25,C,22,461.982229827275
23,3/1/25,C,34,864.823121936562
24,3/1/25,D,18,443.459010602226
25,3/1/25,C,11,200.819168863533
26,3/1/25,C,7,379.626445880448
27,3/1/25,D,34,313.986450770924
28,3/1/25,C,24,303.336088089285
29,3/1/25,C,2,291.177832818758
30,3/1/25,D,34,557.189947915144
31,3/1/25,C,22,49.7453583350062
32,3/1/25,C,8,141.046928962786
33,3/1/25,C,32,124.081965686997
34,3/1/25,C,11,227.897692868629
35,3/1/25,C,35,105.167235492046
36,3/1/25,C,28,693.299671517061
37,3/1/25,C,34,743.744059784688
38,3/1/25,C,34,288.100526073708
39,3/1/25,C,24,429.338181101092
40,3/1/25,D,32,355.406526546908
41,3/1/25,C,27,531.43432655691
42,3/1/25,C,0,86.0572025444251
43,3/1/25,D,34,496.719741098827
44,3/1/25,D,4,934.917469467891
45,3/1/25,C,18,554.366165917463
46,3/1/25,C,25,697.116506805295
47,3/1/25,C,17,620.849689613536
48,3/1/25,C,0,19.0603434304149
49,3/1/25,C,20,304.976925254267
50,3/1/25,C,35,328.173559437416
51,3/1/25,C,22,708.851475745853
52,3/1/25,C,32,336.455733540729
53,3/1/25,D,0,145.877378895016
54,3/1/25,D,16,518.905275774022
55,3/1/25,D,11,175.092885054523
56,3/1/25,C,26,868.760717111105
57,3/1/25,C,16,174.276394695966
58,3/1/25,C,13,155.73953300184
59,3/1/25,C,15,302.039695150212
60,3/1/25,C,10,184.880445485044
61,3/1/25,C,4,841.041785025817
62,3/1/25,C,29,138.8175384646
63,3/1/25,C,2,959.244639963039
64,3/1/25,C,35,857.154326738961
65,3/1/25,C,11,897.855264091239
66,3/1/25,D,15,575.597115626825
67,3/1/25,C,20,713.759178696598
68,3/1/25,C,11,94.8469971569303
69,3/1/25,C,30,522.963766293527
70,3/1/25,C,3,623.119064035278
71,3/1/25,C,7,413.164098094019
72,3/1/25,C,34,317.921738395334
73,3/1/25,C,24,800.418044780141
74,3/1/25,D,20,404.070564569161
75,3/1/25,D,10,911.475536777783
76,3/1/25,C,21,634.711791711568
77,3/1/25,C,12,846.490261824714
78,3/1/25,C,34,395.738739113933
79,3/1/25,C,13,217.405710636077
80,3/1/25,C,31,248.440443339413
81,3/1/25,C,23,4.30146826561398
82,3/1/25,C,23,85.7509884073038
83,3/1/25,C,10,699.741711003977
84,3/1/25,C,30,743.479053345653
85,3/1/25,C,6,353.264472771719
86,3/1/25,C,12,549.028910536064
87,3/1/25,D,31,696.444970895957
88,3/1/25,C,30,811.1838016944
89,3/1/25,C,19,161.65630786634
90,3/1/25,C,23,579.379962582732
91,3/1/25,C,35,712.14470751944
92,3/1/25,C,31,121.721744320268
93,3/1/25,C,22,108.985103905678
94,3/1/25,D,26,816.859904766733
95,3/1/25,C,11,885.770937360432
96,3/1/25,C,19,665.496623664589
97,3/1/25,C,29,523.627997095659
98,3/1/25,D,2,919.933988767401
99,3/1/25,D,30,382.386385596126
100,3/1/25,C,0,187.165412297461
101,3/1/25,C,25,116.431289234089
102,3/1/25,C,22,724.500963069218
103,3/1/25,C,29,579.881793390829
104,3/1/25,C,22,423.223657736767
105,3/1/25,C,28,474.28197466894
106,3/1/25,C,21,197.0847460096
107,3/1/25,C,16,805.519425900966
108,3/1/25,C,9,482.773531964694
109,3/1/25,C,24,968.401581928833
110,3/1/25,C,35,404.700525545316
111,3/1/25,C,24,913.80857505116
112,3/1/25,C,31,733.662264470736
113,3/1/25,C,26,631.167731520054
114,3/1/25,C,31,445.823670889493
115,3/1/25,D,13,18.143454898684
116,3/1/25,D,10,309.69992158293
117,3/1/25,C,27,39.1544113893607
118,3/1/25,D,12,120.657086577616
119,3/1/25,C,4,344.538459536334
120,3/1/25,C,11,110.262829917345
121,3/1/25,C,22,131.784074417564
122,3/1/25,C,20,861.49553605703
123,3/1/25,C,2,224.077086664924
124,3/1/25,C,14,216.912463271695
125,3/1/25,D,24,335.162416634711
126,3/1/25,D,30,999.473469517205
127,3/1/25,C,7,112.864563166586
128,3/1/25,C,4,553.398421755816
129,3/1/25,C,33,918.25195640469
130,3/1/25,C,12,404.340286041359
131,3/1/25,D,19,323.879381545612
132,3/1/25,C,10,99.2695997741329
133,3/1/25,C,15,738.320965273323
134,3/1/25,C,6,488.12668080181
135,3/1/25,C,19,134.418164115707
136,3/1/25,C,3,926.286623434775
137,3/1/25,D,2,53.0389795484288
138,3/1/25,C,9,321.534227178272
139,3/1/25,C,24,942.144063991641
140,3/1/25,C,16,258.021503962153
141,3/1/25,C,24,871.91215321567
142,3/1/25,C,27,641.125094152904
143,3/1/25,D,35,853.904136815283
144,3/1/25,C,14,366.224752308998
145,3/1/25,C,32,329.978808583781
146,3/1/25,C,25,688.743983756554
147,3/1/25,C,29,582.919628262668
148,3/1/25,D,16,643.768384309495
149,3/1/25,C,9,782.55023472098
150,3/1/25,D,30,642.334463375448
151,3/1/25,C,19,828.766423040293
152,3/1/25,C,17,431.936413947948
153,3/1/25,C,13,762.785275092643
154,3/1/25,C,16,940.681267360502
155,3/1/25,C,17,359.722091462327
156,3/1/25,D,23,45.8256676238638
157,3/1/25,C,28,286.063383660376
158,3/1/25,D,13,588.055278865848
159,3/1/25,D,15,498.699442535948
160,3/1/25,C,5,12.0877337001629
161,3/1/25,C,12,900.86859397178
162,3/1/25,C,35,174.219904824072
163,3/1/25,C,13,743.556838967451
164,3/1/25,C,10,565.905902116394
165,3/1/25,D,16,799.866381656395
166,3/1/25,C,8,381.481284629416
167,3/1/25,C,14,984.078636169955
168,3/1/25,C,13,686.636363294182
169,3/1/25,C,10,978.854109947783
170,3/1/25,C,30,316.648065465673
171,3/1/25,C,11,555.804505015562
172,3/1/25,C,3,393.738826735508
173,3/1/25,C,6,655.644723107168
174,3/1/25,C,20,378.800869784046
175,3/1/25,D,19,747.242253851255
176,3/1/25,C,2,689.099039666131
177,3/1/25,C,1,402.685868791756
178,3/1/25,C,4,743.916311997889
179,3/1/25,C,17,606.683865338647
180,3/1/25,C,23,669.720499870382
181,3/1/25,D,30,833.019291456011
182,3/1/25,D,34,666.721973965265
183,3/1/25,C,4,963.359512857401
184,3/1/25,C,23,546.41521984412
185,3/1/25,C,25,769.60486414233
186,3/1/25,C,33,373.80479870982
187,3/1/25,D,8,797.286263887574
188,3/1/25,C,28,738.504613248933
189,3/1/25,C,5,853.218149667239
190,3/1/25,C,10,763.194194879245
191,3/1/25,D,27,366.872673585635
192,3/1/25,C,26,934.653308399972
193,3/1/25,C,14,671.93172364569
194,3/1/25,C,33,777.697447965608
195,3/1/25,C,7,719.539687615729
196,3/1/25,C,33,703.380965028527
197,3/1/25,D,27,182.564681587285
198,3/1/25,C,30,209.165280884686
199,3/1/25,C,29,385.807072630771
200,3/1/25,C,5,995.949375405127
201,3/1/25,C,14,772.027354866459
202,3/1/25,C,35,984.056168107022
203,3/1/25,C,31,575.667770882701
204,3/1/25,C,35,234.385703051964
205,3/1/25,D,28,610.220291990044
206,3/1/25,C,3,397.215348162847
207,3/1/25,C,33,308.947631938655
208,3/1/25,D,8,596.288083378201
209,3/1/25,C,32,964.828319607497
210,3/1/25,C,4,907.509488436163
211,3/1/25,C,8,112.952007659364
212,3/1/25,C,13,820.711335242063
213,3/1/25,C,9,0.220827267749061
214,3/1/25,C,24,90.1990994311602
215,3/1/25,C,8,921.130650871751
216,3/1/25,C,19,860.687827036398
217,3/1/25,C,20,929.82047123148
218,3/1/25,C,12,536.92282388271
219,3/1/25,C,31,476.560059248852
220,3/1/25,C,35,500.311295614278
221,3/1/25,D,14,180.534041903277
222,3/1/25,C,15,163.46417559952
223,3/1/25,C,30,977.511385079677
224,3/1/25,D,14,772.57739357946
225,3/1/25,C,11,902.305911220727
226,3/1/25,C,15,586.736295172405
227,3/1/25,C,19,937.169122650254
228,3/1/25,D,25,223.74389771162
229,3/1/25,C,29,552.07264369778
230,3/1/25,D,21,580.399955232729
231,3/1/25,C,16,188.158538172447
232,3/1/25,C,14,849.027073191457
233,3/1/25,C,1,922.332084304801
234,3/1/25,C,24,872.243652745194
235,3/1/25,C,19,707.449098374924
236,3/1/25,C,10,264.695666960611
237,3/1/25,D,7,286.043376336177
238,3/1/25,C,5,362.844775194538
239,3/1/25,C,20,502.193465868188
240,3/1/25,C,18,70.6427442115394
241,3/1/25,C,10,819.765425057948
242,3/1/25,D,7,945.920642153529
243,3/1/25,C,20,406.677527113783
244,3/1/25,C,22,838.368944426557
245,3/1/25,D,16,711.829273044596
246,3/1/25,D,34,364.497719432538
247,3/1/25,C,20,339.766085221261
248,3/1/25,C,28,794.222366916944
249,3/1/25,C,2,443.050325722844
250,3/1/25,C,21,371.493923928999
251,3/1/25,C,27,360.572365044231
252,3/1/25,C,25,212.200780374345
253,3/1/25,C,8,405.850164618585
254,3/1/25,C,18,14.5123458062368
255,3/1/25,C,17,487.717525257043
256,3/1/25,D,1,349.62430974753
257,3/1/25,C,0,529.359737413793
258,3/1/25,C,18,210.726946947404
259,3/1/25,D,2,695.064956168179
260,3/1/25,C,14,633.358966376004
261,3/1/25,D,25,150.075580991875
262,3/1/25,C,3,961.808077699824
263,3/1/25,C,0,919.419001609398
264,3/1/25,C,21,258.354458286707
265,3/1/25,C,11,844.864576279435
266,3/1/25,D,19,285.828458840199
267,3/1/25,C,21,752.877257933944
268,3/1/25,D,29,775.996420382116
269,3/1/25,C,14,515.581038785299
270,3/1/25,C,15,865.530515040246
271,3/1/25,C,4,390.483271687581
272,3/1/25,C,2,166.986245647933
273,3/1/25,C,33,26.0619321743124
274,3/1/25,C,2,67.848275387354
275,3/1/25,C,4,36.3315232532783
276,3/1/25,C,0,655.890833974051
277,3/1/25,D,9,849.459074649687
278,3/1/25,C,1,300.954417505514
279,3/1/25,C,19,573.213043676311
280,3/1/25,C,30,658.293612297087
281,3/1/25,C,35,188.022208315527
282,3/1/25,C,31,588.295625074407
283,3/1/25,C,4,174.0084880137
284,3/1/25,C,14,139.279149920182
285,3/1/25,D,5,115.56017962292
286,3/1/25,C,25,469.932332297756
287,3/1/25,C,15,350.684026315545
288,3/1/25,C,35,707.124662620783
289,3/1/25,C,3,632.747596700834
290,3/1/25,C,8,71.6719633836748
291,3/1/25,C,1,742.073068020055
292,3/1/25,C,4,122.855323536535
293,3/1/25,C,5,970.833390179832
294,3/1/25,D,5,98.2365538123914
295,3/1/25,C,13,958.09114509651
296,3/1/25,C,22,528.575968704222
297,3/1/25,C,18,298.419117720674
298,3/1/25,C,1,533.19548031803
299,3/1/25,C,11,65.2549140383584
300,3/1/25,D,28,563.269278318409
301,3/1/25,D,27,794.684238536251
302,3/1/25,D,9,388.249637136914
303,3/1/25,C,2,407.732576194289
304,3/1/25,C,8,498.372747856223
305,3/1/25,C,5,504.952886339133
306,3/1/25,D,26,924.200919495835
307,3/1/25,C,8,778.557473317752
308,3/1/25,C,35,329.05310585874
309,3/1/25,C,7,662.519265778058
310,3/1/25,C,13,547.868945006392
311,3/1/25,C,9,765.463115420087
312,3/1/25,C,7,292.552183340954
313,3/1/25,D,16,309.197944865468
314,3/1/25,C,12,383.299156957669
315,3/1/25,C,10,529.570251455194
316,3/1/25,C,6,135.82191741109
317,3/1/25,C,16,666.365758693799
318,3/1/25,D,4,129.699911986159
319,3/1/25,D,25,136.904804931197
320,3/1/25,D,0,909.90115519179
321,3/1/25,C,31,678.367609599501
322,3/1/25,C,29,925.94306519744
323,3/1/25,C,5,642.192315047189
324,3/1/25,C,2,546.549466271982
325,3/1/25,C,0,101.648723061691
326,3/1/25,D,9,939.832043641266
327,3/1/25,C,3,865.30396965947
328,3/1/25,D,16,860.143926762162
329,3/1/25,C,3,320.083626070839
330,3/1/25,C,10,111.767656370908
331,3/1/25,C,20,225.000129729996
332,3/1/25,C,35,941.058412453501
333,3/1/25,C,2,683.349709237444
334,3/1/25,C,7,76.8049125272893
335,3/1/25,C,20,283.895282616469
336,3/1/25,D,6,864.589432415836
337,3/1/25,C,19,272.755626239336
338,3/1/25,C,4,207.95887778371
339,3/1/25,C,32,508.604355426776
340,3/1/25,C,33,108.391819551677
341,3/1/25,D,18,444.201391781109
342,3/1/25,C,25,736.234767624227
343,3/1/25,C,8,549.125789418418
344,3/1/25,C,29,298.499009112632
345,3/1/25,C,35,608.066082370506
346,3/1/25,D,10,242.153675991617
347,3/1/25,C,34,737.378525149507
348,3/1/25,C,15,134.856974528033
349,3/1/25,C,7,182.776972654338
350,3/1/25,C,13,5.7874821881362
351,3/1/25,D,33,480.388919673162
352,3/1/25,C,20,601.620438304185
353,3/1/25,D,9,980.75270019852
354,3/1/25,C,31,763.506494755776
355,3/1/25,C,7,328.562440020107
356,3/1/25,D,25,105.556720047093
357,3/1/25,C,31,161.676593605782
358,3/1/25,D,26,359.833382645314
359,3/1/25,C,9,241.539627782523
360,3/1/25,C,15,470.106951943029
361,3/1/25,C,33,572.035726130151
362,3/1/25,C,8,447.438766053535
363,3/1/25,C,5,684.810041940167
364,3/1/25,C,16,529.86731556963
365,3/1/25,C,27,272.319745904958
366,3/1/25,C,5,610.170897202764
367,3/1/25,C,34,668.548679357323
368,3/1/25,C,20,225.734002911823
369,3/1/25,C,33,198.747195918977
370,3/1/25,C,21,260.680936728644
371,3/1/25,C,5,235.670498036385
372,3/1/25,D,6,502.86610044836
373,3/1/25,C,3,928.403258534412
374,3/1/25,C,34,596.838822550975
375,3/1/25,C,17,70.5870088656386
376,3/1/25,C,27,739.101633985732
377,3/1/25,C,26,682.268088210123
378,3/1/25,D,11,646.795514344752
379,3/1/25,C,4,738.959125403367
380,3/1/25,C,2,143.908167018868
381,3/1/25,C,15,669.530182204889
382,3/1/25,C,10,84.1911899641235
383,3/1/25,C,11,277.100462787689
384,3/1/25,C,18,487.84409493314
385,3/1/25,C,27,239.546231581338
386,3/1/25,C,10,667.551241188818
387,3/1/25,D,17,26.4398525375848
388,3/1/25,C,16,965.372998441905
389,3/1/25,C,19,544.414355387718
390,3/1/25,C,11,811.155838129336
391,3/1/25,C,12,24.1408497888382
392,3/1/25,D,23,815.962330799026
393,3/1/25,C,28,309.504038208157
394,3/1/25,C,34,380.923491769412
395,3/1/25,C,27,493.573150749823
396,3/1/25,D,24,461.584176056857
397,3/1/25,C,17,286.573184501832
398,3/1/25,C,18,200.886228995027
399,3/1/25,C,0,608.456471230302
400,3/1/25,D,15,678.587559344941
401,3/1/25,C,14,689.524766667744
402,3/1/25,C,33,418.87372250518
403,3/1/25,C,28,656.309827369322
404,3/1/25,C,22,117.892817617859
405,3/1/25,C,23,407.337954485827
406,3/1/25,C,29,114.026773255207
407,3/1/25,C,10,701.074259200833
408,3/1/25,C,33,634.583155030809
409,3/1/25,D,30,58.5495072418578
410,3/1/25,D,5,166.051668410567
411,3/1/25,C,23,501.264019848225
412,3/1/25,C,31,653.575468627318
413,3/1/25,C,5,691.653856718597
414,3/1/25,C,34,381.185855781709
415,3/1/25,C,27,674.620855181417
416,3/1/25,C,19,771.799746087696
417,3/1/25,C,11,660.406959869336
418,3/1/25,C,21,906.935493634873
419,3/1/25,C,12,812.141375299186
420,3/1/25,D,33,825.545060274333
421,3/1/25,D,25,925.242361861689
422,3/1/25,C,15,309.23181930195
423,3/1/25,C,23,211.715961740566
424,3/1/25,C,33,913.840264360857
425,3/1/25,C,34,347.665907273629
426,3/1/25,C,30,529.181233129789
427,3/1/25,C,6,129.687872487804
428,3/1/25,C,25,993.556411926088
429,3/1/25,C,1,130.168098879798
430,3/1/25,D,13,884.143137099996
431,3/1/25,C,30,138.297559395566
432,3/1/25,C,20,221.545260593011
433,3/1/25,C,29,475.240856612958
434,3/1/25,D,11,265.158305997934
435,3/1/25,C,0,501.298524412298
436,3/1/25,C,9,613.214718124699
437,3/1/25,D,5,743.723514022925
438,3/1/25,C,17,150.771225218394
439,3/1/25,C,1,28.9103229594211
440,3/1/25,C,17,893.882046038694
441,3/1/25,D,29,989.454454758644
442,3/1/25,C,32,985.672628879168
443,3/1/25,C,34,744.287242351454
444,3/1/25,C,29,868.547008306996
445,3/1/25,C,27,692.563987881375
446,3/1/25,C,7,910.092614459175
447,3/1/25,C,18,528.338770832742
448,3/1/25,D,25,540.355355073373
449,3/1/25,D,4,5.16394348366267
450,3/1/25,C,18,963.164818116074
451,3/1/25,C,17,539.031175685487
452,3/1/25,C,2,251.041495191237
453,3/1/25,C,4,282.564108263514
454,3/1/25,C,8,850.478021618385
455,3/1/25,D,35,879.788992096449
456,3/1/25,C,24,425.057495729697
457,3/1/25,C,9,72.0304539826516
458,3/1/25,C,10,961.049933424176
459,3/1/25,C,13,249.375052398803
460,3/1/25,D,10,612.719240545351
461,3/1/25,C,11,782.66405573682
462,3/1/25,C,29,964.797884264847
463,3/1/25,D,9,287.210380972451
464,3/1/25,C,8,341.75127589465
465,3/1/25,D,5,867.04450469438
466,3/1/25,D,35,79.8942343479518
467,3/1/25,D,17,533.948581224545
468,3/1/25,C,4,83.8886892370653
469,3/1/25,C,16,709.962992314073
470,3/1/25,C,22,739.836500362235
471,3/1/25,C,17,531.053888422192
472,3/1/25,C,24,265.722094304174
473,3/1/25,C,30,707.86301906438
474,3/1/25,D,32,394.927474763911
475,3/1/25,D,34,956.718132846506
476,3/1/25,C,19,306.909423749247
477,3/1/25,D,9,978.280052408517
478,3/1/25,C,14,263.819248486346
479,3/1/25,C,34,711.722499332805
480,3/1/25,C,27,435.916834392854
481,3/1/25,C,1,130.226025681661
482,3/1/25,C,10,747.99893465687
483,3/1/25,C,1,994.867706942395
484,3/1/25,D,27,40.6607575697702
485,3/1/25,C,32,277.361489283543
486,3/1/25,C,14,144.093732701374
487,3/1/25,C,9,194.008349255897
488,3/1/25,C,29,333.653778879511
489,3/1/25,C,12,438.042856494468
490,3/1/25,C,16,824.051719564356
491,3/1/25,C,29,889.016827144107
492,3/1/25,C,24,401.041756577632
493,3/1/25,D,21,991.519242453678
494,3/1/25,C,14,143.994892009091
495,3/1/25,C,11,21.740760820064
496,3/1/25,C,34,303.387064524638
497,3/1/25,C,16,935.246789433476
498,3/1/25,D,15,861.980282588619
499,3/1/25,C,14,849.223914751788
500,3/1/25,C,20,197.67915414851
501,3/1/25,D,8,446.670789758152
502,3/1/25,C,22,961.790321585096
503,3/1/25,C,25,26.9960025387718
504,3/1/25,C,4,771.047649488005
505,3/1/25,C,16,660.393855368344
506,3/1/25,C,2,294.471252246539
507,3/1/25,D,23,531.693652009449
508,3/1/25,C,16,6.46160560944304
509,3/1/25,C,17,633.912055601288
510,3/1/25,C,1,327.505778662917
511,3/1/25,C,14,898.559068725632
512,3/1/25,C,4,891.888555085435
513,3/1/25,C,6,720.377999073513
514,3/1/25,D,17,260.069483115269
515,3/1/25,C,17,815.985359372423
516,3/1/25,C,15,128.204415707336
517,3/1/25,C,16,383.795227420938
518,3/1/25,D,4,174.587240278982
519,3/1/25,C,25,556.736768690102
520,3/1/25,C,7,47.966849612774
521,3/1/25,C,14,529.647809099656
522,3/1/25,C,24,527.739373195281
523,3/1/25,D,9,5.21051652043477
524,3/1/25,C,34,786.055055722039
525,3/1/25,C,17,533.100096721871
526,3/1/25,D,26,907.405245237025
527,3/1/25,C,24,675.313150613357
528,3/1/25,C,32,185.473158545802
529,3/1/25,D,21,565.689051948825
530,3/1/25,C,0,911.318327452482
531,3/1/25,C,35,678.038443556612
532,3/1/25,C,5,433.439358343074
533,3/1/25,C,8,702.563047299283
534,3/1/25,C,16,543.257376715747
535,3/1/25,C,7,608.565035884985
536,3/1/25,C,8,461.96133208723
537,3/1/25,C,0,693.796068278031
538,3/1/25,C,31,223.445034303484
539,3/1/25,C,10,131.836968789034
540,3/1/25,D,18,392.994496178914
541,3/1/25,C,14,79.0169504233182
542,3/1/25,C,34,738.736765446194
543,3/1/25,D,7,707.721539896739
544,3/1/25,C,32,151.537362335358
545,3/1/25,C,1,465.855854649411
546,3/1/25,C,23,499.472772180438
547,3/1/25,C,33,647.856781946569
548,3/1/25,C,23,512.023740290826
549,3/1/25,C,16,123.013053061883
550,3/1/25,C,31,44.8292722151526
551,3/1/25,D,35,41.5631388305911
552,3/1/25,C,5,37.2365292744354
553,3/1/25,D,24,784.307321937285
554,3/1/25,D,18,397.392826728028
555,3/1/25,D,35,919.156081347012
556,3/1/25,C,2,957.389909915242
557,3/1/25,C,2,516.592962593994
558,3/1/25,C,3,652.915432733906
559,3/1/25,C,2,15.2424210594802
560,3/1/25,C,10,196.834333378175
561,3/1/25,C,20,156.954906916275
562,3/1/25,C,25,821.984059561288
563,3/1/25,C,0,808.967521950718
564,3/1/25,C,1,201.746736504027
565,3/1/25,C,8,497.887257227126
566,3/1/25,C,7,297.154168658961
567,3/1/25,C,28,484.641991008575
568,3/1/25,C,34,758.848327536029
569,3/1/25,D,24,135.126325004465
570,3/1/25,C,32,439.025985102116
571,3/1/25,C,27,287.123232006701
572,3/1/25,C,0,80.825865690376
573,3/1/25,D,20,905.135950240793
574,3/1/25,C,7,662.145905725663
575,3/1/25,C,23,962.968460090345
576,3/1/25,D,3,715.414006362649
577,3/1/25,C,9,927.16674183967
578,3/1/25,C,4,2.74475407108592
579,3/1/25,C,7,395.231415581904
580,3/1/25,C,14,754.095393401082
581,3/1/25,D,5,764.902145854612
582,3/1/25,C,2,360.671504157718
583,3/1/25,C,22,570.294105021946
584,3/1/25,C,18,581.894098190298
585,3/1/25,C,21,776.479033545952
586,3/1/25,C,19,578.112507231446
587,3/1/25,C,30,651.954063608839
588,3/1/25,C,30,708.988633028109
589,3/1/25,C,11,634.08493022086
590,3/1/25,C,13,31.9441205936604
591,3/1/25,C,12,103.007108826698
592,3/1/25,D,8,956.733066978471
593,3/1/25,D,29,693.883626816882
594,3/1/25,D,32,65.6180425456215
595,3/1/25,D,8,139.841670246973
596,3/1/25,C,5,375.831774753436
597,3/1/25,C,22,310.492725010742
598,3/1/25,C,33,932.218550713906
599,3/1/25,C,7,481.223595088824
600,3/1/25,C,26,27.1131539818421
601,3/1/25,C,32,351.542283829163
602,3/1/25,C,23,926.079188357751
603,3/1/25,C,25,92.944147805894
604,3/1/25,D,25,11.0055512467313
605,3/1/25,C,7,725.78488823805
606,3/1/25,C,29,699.961975997681
607,3/1/25,C,4,152.780231015436
608,3/1/25,C,28,434.420547973594
609,3/1/25,C,16,376.369512741571
610,3/1/25,C,33,773.30382899432
611,3/1/25,C,15,442.18964159472
612,3/1/25,C,35,203.145574462476
613,3/1/25,D,22,360.838066751911
614,3/1/25,C,16,473.002877292262
615,3/1/25,C,4,541.85887077152
616,3/1/25,C,29,65.8608847634423
617,3/1/25,D,13,237.016163634222
618,3/1/25,D,34,894.894710488919
619,3/1/25,C,22,728.875326104609
620,3/1/25,C,24,544.805520073538
621,3/1/25,C,33,490.37431662071
622,3/1/25,C,0,286.559514483685
623,3/1/25,C,29,277.2556925694
624,3/1/25,C,19,876.891494878531
625,3/1/25,C,10,626.254988800373
626,3/1/25,C,30,157.087422866448
627,3/1/25,C,34,869.23555037127
628,3/1/25,D,9,812.379143129327
629,3/1/25,C,12,480.277254489594
630,3/1/25,C,0,639.202540153087
631,3/1/25,C,27,65.4695679780008
632,3/1/25,D,26,151.29450868177
633,3/1/25,D,12,109.077531096626
634,3/1/25,C,10,459.207032506444
635,3/1/25,C,17,159.210620424858
636,3/1/25,C,9,229.660658962743
637,3/1/25,C,10,822.961850311177
638,3/1/25,C,33,695.035155561233
639,3/1/25,C,18,192.9777937269
640,3/1/25,D,25,122.757832118907
641,3/1/25,C,20,389.565167779086
642,3/1/25,C,25,344.289235188514
643,3/1/25,C,16,668.295538427319
644,3/1/25,D,20,798.433446877062
645,3/1/25,C,9,722.587644604067
646,3/1/25,D,21,294.966467273041
647,3/1/25,C,22,220.20856142099
648,3/1/25,C,7,578.74299127149
649,3/1/25,D,29,411.620528929434
650,3/1/25,C,28,628.625927891595
651,3/1/25,C,5,276.083493002866
652,3/1/25,D,31,661.464409844928
653,3/1/25,C,29,972.008311797688
654,3/1/25,C,0,500.119997383215
655,3/1/25,C,16,836.49765922288
656,3/1/25,C,8,727.959584046507
657,3/1/25,C,31,816.667940704445
658,3/1/25,C,18,735.9818636633
659,3/1/25,C,2,295.525915236883
660,3/1/25,C,28,859.241034848617
661,3/1/25,D,11,760.018666342768
662,3/1/25,C,20,843.624763203724
663,3/1/25,C,3,556.404853420528
664,3/1/25,C,1,290.851948178259
665,3/1/25,D,15,535.674894105838
666,3/1/25,C,15,883.833212592285
667,3/1/25,C,26,496.934342115718
668,3/1/25,D,7,26.326305233586
669,3/1/25,D,8,193.110803396804
670,3/1/25,C,6,379.89596436067
671,3/1/25,C,19,704.115926570786
672,3/1/25,C,7,936.600960200579
673,3/1/25,C,26,629.531335014246
674,3/1/25,C,12,739.885629512277
675,3/1/25,C,14,586.655082127398
676,3/1/25,C,26,760.921719861453
677,3/1/25,C,24,312.808816079092
678,3/1/25,C,25,550.510279413546
679,3/1/25,C,23,768.985396283789
680,3/1/25,C,33,89.9700850029525
681,3/1/25,C,15,487.898677114885
682,3/1/25,C,29,98.4723769383022
683,3/1/25,C,2,894.217235296352
684,3/1/25,D,14,254.798838207438
685,3/1/25,D,32,262.908065895801
686,3/1/25,C,2,415.089475222196
687,3/1/25,C,27,73.9111029677482
688,3/1/25,D,15,552.996707154635
689,3/1/25,C,24,11.749601601212
690,3/1/25,C,5,628.852064211836
691,3/1/25,C,8,278.375403978409
692,3/1/25,C,26,362.783701442848
693,3/1/25,C,14,55.1579809866704
694,3/1/25,C,6,158.791545218481
695,3/1/25,C,27,358.785286355735
696,3/1/25,C,14,314.276806429713
697,3/1/25,C,26,318.771252745844
698,3/1/25,C,19,623.373006549967
699,3/1/25,D,4,857.902069399409
700,3/1/25,C,13,591.180516227483
701,3/1/25,D,22,932.64827663579
702,3/1/25,D,11,920.261617155107
703,3/1/25,C,32,380.577833188146
704,3/1/25,C,13,990.199373294553
705,3/1/25,D,23,678.158886202157
706,3/1/25,C,32,766.458596281727
707,3/1/25,C,12,825.127306660522
708,3/1/25,C,12,628.1691726916
709,3/1/25,C,28,761.441975216412
710,3/1/25,C,22,292.453696711049
711,3/1/25,D,3,951.853521185845
712,3/1/25,C,4,995.281121278478
713,3/1/25,C,4,579.70208420796
714,3/1/25,C,4,705.952844973383
715,3/1/25,C,16,336.559337431925
716,3/1/25,C,25,546.17598830185
717,3/1/25,C,13,154.77949577495
718,3/1/25,C,16,511.482606103885
719,3/1/25,D,6,767.789373511492
720,3/1/25,C,29,516.95758409439
721,3/1/25,C,25,48.4163134015718
722,3/1/25,C,20,719.074316585893
723,3/1/25,C,2,905.251950061743
724,3/1/25,C,16,37.4213427791283
725,3/1/25,C,31,959.39570110923
726,3/1/25,C,6,102.604810356619
727,3/1/25,C,31,887.94365706479
728,3/1/25,C,5,698.205105286006
729,3/1/25,C,17,132.579957725475
730,3/1/25,C,22,504.5667615582
731,3/1/25,C,32,239.494917980856
732,3/1/25,C,34,429.360764514785
733,3/1/25,C,12,424.485597171811
734,3/1/25,C,1,58.6713803659366
735,3/1/25,C,0,113.261135515048
736,3/1/25,C,0,651.471910753476
737,3/1/25,C,35,400.240862002814
738,3/1/25,C,26,510.085851658093
739,3/1/25,C,22,631.719479445044
740,3/1/25,C,14,954.372092986386
741,3/1/25,C,33,514.077211083675
742,3/1/25,C,14,981.190262512291
743,3/1/25,D,15,80.2026072031383
744,3/1/25,C,8,670.471210029699
745,3/1/25,D,31,648.569908219871
746,3/1/25,C,11,143.829022444511
747,3/1/25,C,28,961.390395204872
748,3/1/25,C,12,839.976959668195
749,3/1/25,C,16,502.942646782147
750,3/1/25,C,30,821.814625519467
751,3/1/25,D,18,509.920838203986
752,3/1/25,C,18,591.997037091795
753,3/1/25,C,0,164.860632740724
754,3/1/25,C,34,944.928040839481
755,3/1/25,C,1,54.1107301299981
756,3/1/25,C,2,872.925691677896
757,3/1/25,D,17,325.787425150618
758,3/1/25,C,15,105.03691601504
759,3/1/25,C,0,456.493976832913
760,3/1/25,C,24,69.3890076946044
761,3/1/25,C,20,852.195063547152
762,3/1/25,C,35,326.331247109361
763,3/1/25,D,25,289.797201869129
764,3/1/25,C,19,126.835285458248
765,3/1/25,C,33,629.165316119807
766,3/1/25,C,22,582.006336482506
767,3/1/25,C,9,442.394107710683
768,3/1/25,C,16,513.275829918893
769,3/1/25,D,3,602.437927089595
770,3/1/25,C,21,686.626966463919
771,3/1/25,C,1,565.073239879813
772,3/1/25,D,23,372.346755286089
773,3/1/25,C,8,791.831442767768
774,3/1/25,C,31,21.2357799068952
775,3/1/25,C,13,129.921527487936
776,3/1/25,D,15,14.604187919332
777,3/1/25,C,30,914.513744800097
778,3/1/25,D,26,330.451042334329
779,3/1/25,D,23,83.8478540017033
780,3/1/25,C,15,695.388854856838
781,3/1/25,D,35,119.30865171694
782,3/1/25,C,18,163.546351474271
783,3/1/25,C,24,796.1759653344
784,3/1/25,C,29,599.019986972332
785,3/1/25,C,21,950.45916170143
786,3/1/25,C,32,686.506307805548
787,3/1/25,C,12,836.234876732677
788,3/1/25,D,15,517.0335488949
789,3/1/25,C,34,512.144705525806
790,3/1/25,C,23,203.82816915281
791,3/1/25,C,20,504.615216879852
792,3/1/25,D,32,818.479030602059
793,3/1/25,C,18,754.812153220114
794,3/1/25,D,10,337.286213490788
795,3/1/25,C,12,857.068252889056
796,3/1/25,C,21,316.664384850098
797,3/1/25,C,29,951.475894095692
798,3/1/25,C,9,457.396306977353
799,3/1/25,D,22,298.686504432393
800,3/1/25,C,35,126.181011843193
801,3/1/25,C,17,221.902471358306
802,3/1/25,C,35,74.7394086184641
803,3/1/25,D,22,301.064358671816
804,3/1/25,C,8,103.399227785542
805,3/1/25,C,4,618.713462231441
806,3/1/25,D,23,92.6318628374442
807,3/1/25,C,28,88.0622252411435
808,3/1/25,C,22,393.739270200978
809,3/1/25,C,24,233.630826784812
810,3/1/25,C,19,424.727444622173
811,3/1/25,C,7,528.983875336847
812,3/1/25,C,7,84.4930510533198
813,3/1/25,C,30,330.135505159055
814,3/1/25,D,23,232.012169067394
815,3/1/25,D,34,114.162685543751
816,3/1/25,C,22,171.14478109345
817,3/1/25,C,23,160.190528035265
818,3/1/25,C,0,720.756755487056
819,3/1/25,C,11,418.165973208691
820,3/1/25,C,14,629.757563495948
821,3/1/25,C,30,929.736960673115
822,3/1/25,C,2,651.8647466381
823,3/1/25,C,24,807.095038254973
824,3/1/25,C,23,470.339597458484
825,3/1/25,C,13,297.402132181173
826,3/1/25,C,17,802.894354475799
827,3/1/25,C,28,426.21752229343
828,3/1/25,C,4,979.415911817463
829,3/1/25,C,5,222.653971561577
830,3/1/25,C,18,325.620197738111
831,3/1/25,C,17,214.96745703639
832,3/1/25,C,12,930.598451976136
833,3/1/25,C,23,85.5134524400686
834,3/1/25,C,24,538.341930303452
835,3/1/25,C,28,608.072408177184
836,3/1/25,D,17,643.90184660282
837,3/1/25,C,2,289.136367742822
838,3/1/25,C,16,797.358854122381
839,3/1/25,C,18,748.027293461782
840,3/1/25,C,17,638.638341752181
841,3/1/25,D,1,195.56489175064
842,3/1/25,C,2,476.205937515415
843,3/1/25,C,17,437.235614310693
844,3/1/25,C,27,603.796941710075
845,3/1/25,C,13,331.849541642036
846,3/1/25,C,16,317.408647911794
847,3/1/25,C,34,247.17314523653
848,3/1/25,C,31,760.204777736507
849,3/1/25,C,33,851.24991680055
850,3/1/25,C,24,90.5538046923436
851,3/1/25,C,7,323.46550250053
852,3/1/25,D,2,577.50510839115
853,3/1/25,D,21,734.165618643568
854,3/1/25,C,0,631.066268244842
855,3/1/25,D,12,689.663897442832
856,3/1/25,C,4,323.313169918233
857,3/1/25,C,29,916.558658348382
858,3/1/25,C,28,448.492761833285
859,3/1/25,C,14,310.947348161828
860,3/1/25,C,32,289.644120440004
861,3/1/25,D,8,833.588842039361
862,3/1/25,C,9,900.420286652224
863,3/1/25,C,33,478.924430543522
864,3/1/25,D,7,317.881902183066
865,3/1/25,D,1,672.356711840971
866,3/1/25,C,17,143.515855297904
867,3/1/25,C,13,491.352717326973
868,3/1/25,C,10,875.012576223869
869,3/1/25,C,0,372.53836898312
870,3/1/25,D,13,881.789105015704
871,3/1/25,C,16,833.857741202048
872,3/1/25,C,16,767.209194299159
873,3/1/25,C,35,891.658202190204
874,3/1/25,C,2,652.166923369477
875,3/1/25,D,3,228.008526101945
876,3/1/25,C,3,726.628451752728
877,3/1/25,C,31,105.030394058646
878,3/1/25,D,9,738.133951575601
879,3/1/25,C,20,658.765200364708
880,3/1/25,C,7,94.2780197378831
881,3/1/25,C,13,31.9797228062409
882,3/1/25,C,24,295.847443219667
883,3/1/25,C,6,976.864700654611
884,3/1/25,D,17,339.620359554374
885,3/1/25,D,7,700.165733668883
886,3/1/25,C,8,51.1240991601997
887,3/1/25,D,24,787.81855641373
888,3/1/25,C,24,187.533490634682
889,3/1/25,C,27,861.032883521165
890,3/1/25,D,18,650.534331287343
891,3/1/25,C,24,373.755386060743
892,3/1/25,C,24,862.472182545482
893,3/1/25,C,27,468.345219093095
894,3/1/25,C,9,336.234002934273
895,3/1/25,C,31,2.1950635618928
896,3/1/25,C,22,269.815927517543
897,3/1/25,C,17,667.471960496892
898,3/1/25,C,0,369.069333089873
899,3/1/25,C,4,870.398270283816
900,3/1/25,C,13,827.814358334742
901,3/1/25,C,27,143.120809855796
902,3/1/25,C,35,200.083094453698
903,3/1/25,C,33,255.999315938691
904,3/1/25,C,11,166.458350061376
905,3/1/25,C,10,565.133922255088
906,3/1/25,C,8,147.705375753664
907,3/1/25,C,34,540.519058943405
908,3/1/25,C,33,668.463560125874
909,3/1/25,C,2,476.942160303712
910,3/1/25,C,26,649.844743741703
911,3/1/25,C,12,621.986595891589
912,3/1/25,C,32,250.102272471531
913,3/1/25,D,5,205.13532491082
914,3/1/25,C,7,967.576399470319
915,3/1/25,C,16,714.037582556695
916,3/1/25,C,12,581.542549280292
917,3/1/25,C,27,296.516844247836
918,3/1/25,C,32,190.461024202579
919,3/1/25,C,30,926.349360227147
920,3/1/25,C,32,912.328560877317
921,3/1/25,C,25,139.447576850387
922,3/1/25,D,14,240.98884132429
923,3/1/25,C,25,329.443211439368
924,3/1/25,C,27,422.537981664131
925,3/1/25,C,13,568.990642695325
926,3/1/25,D,11,216.102715490915
927,3/1/25,C,16,937.536655750759
928,3/1/25,C,21,173.894569334398
929,3/1/25,C,29,189.232901645805
930,3/1/25,D,29,930.195211679909
931,3/1/25,D,25,741.455591745259
932,3/1/25,C,22,668.833324445274
933,3/1/25,C,34,392.997526868436
934,3/1/25,C,15,30.7381151242289
935,3/1/25,C,27,841.291616123255
936,3/1/25,C,4,393.848304646218
937,3/1/25,C,20,538.107184007806
938,3/1/25,D,14,747.201605289665
939,3/1/25,C,22,871.809568244655
940,3/1/25,C,20,884.439387045447
941,3/1/25,C,2,690.270278900758
942,3/1/25,C,29,595.179713792905
943,3/1/25,C,31,196.055084579688
944,3/1/25,C,30,565.182959345144
945,3/1/25,D,13,570.640124212506
946,3/1/25,C,27,303.556968372824
947,3/1/25,C,20,734.727710418286
948,3/1/25,D,2,848.110846665658
949,3/1/25,C,28,571.039195226324
950,3/1/25,D,12,346.077749462006
951,3/1/25,C,24,95.0501814972337
952,3/1/25,D,12,568.615932876112
953,3/1/25,C,28,294.821852518512
954,3/1/25,D,8,815.75455706471
955,3/1/25,C,24,986.897626561725
956,3/1/25,C,20,107.815783052512
957,3/1/25,D,13,466.040703235081
958,3/1/25,C,4,255.244985359887
959,3/1/25,C,2,976.240599928159
960,3/1/25,C,20,484.858158039707
961,3/1/25,C,30,336.895409458678
962,3/1/25,C,28,639.678598531827
963,3/1/25,C,1,131.223130314294
964,3/1/25,C,9,469.677896698227
965,3/1/25,C,35,652.925182651046
966,3/1/25,C,35,905.964342130022
967,3/1/25,C,14,415.787196598477
968,3/1/25,C,23,329.220355692842
969,3/1/25,D,5,215.268213783049
970,3/1/25,C,20,141.967992634505
971,3/1/25,C,8,953.619091184125
972,3/1/25,C,31,259.211172127492
973,3/1/25,C,13,190.520820994611
974,3/1/25,C,0,264.151595585024
975,3/1/25,C,27,607.302315911606
976,3/1/25,C,9,942.757317108275
977,3/1/25,C,16,776.033103424021
978,3/1/25,C,13,49.113570846032
979,3/1/25,C,27,598.170140920293
980,3/1/25,C,29,569.750531106338
981,3/1/25,C,32,421.43697914346
982,3/1/25,C,28,822.829218022668
983,3/1/25,C,2,476.700077018599
984,3/1/25,C,21,26.6741787955916
985,3/1/25,C,11,442.941824006212
986,3/1/25,C,14,630.232085878232
987,3/1/25,C,33,238.573653641074
988,3/1/25,C,12,6.82952416033825
989,3/1/25,C,23,821.173411244592
990,3/1/25,C,8,125.123659596542
991,3/1/25,C,24,400.596463830369
992,3/1/25,C,0,237.536357024125
993,3/1/25,C,15,19.6514340586214
994,3/1/25,C,34,59.1993527211326
995,3/1/25,C,29,957.87872518481
996,3/1/25,D,18,75.7067782683
997,3/1/25,D,3,419.791191861087
998,3/1/25,C,2,337.030980876258
999,3/1/25,C,6,205.781214055036
1000,3/1/25,C,26,516.424842464187
1,4/1/25,C,6,20.2262679487299
2,4/1/25,C,20,249.74765226113
3,4/1/25,C,33,112.952595801899
4,4/1/25,C,23,914.144508595264
5,4/1/25,D,20,556.778170829459
6,4/1/25,D,32,850.753305005862
7,4/1/25,C,2,413.721176509944
8,4/1/25,C,9,438.221982399637
9,4/1/25,C,32,443.264782105415
10,4/1/25,C,13,445.104155944316
11,4/1/25,C,13,715.591413096133
12,4/1/25,C,24,117.342706689994
13,4/1/25,D,4,810.872515453848
14,4/1/25,D,25,222.280232408404
15,4/1/25,C,15,719.758712190246
16,4/1/25,C,30,646.277482489907
17,4/1/25,C,30,966.906548469519
18,4/1/25,C,29,138.385237761071
19,4/1/25,C,18,242.158712630758
20,4/1/25,C,21,640.228730734666
21,4/1/25,D,8,405.198233060322
22,4/1/25,C,23,331.286698602406
23,4/1/25,C,35,418.249452811265
24,4/1/25,D,19,443.459010602226
25,4/1/25,D,12,200.819168863533
26,4/1/25,C,8,626.739021652075
27,4/1/25,D,35,313.986450770924
28,4/1/25,C,25,949.649268645967
29,4/1/25,C,3,621.734208180628
30,4/1/25,C,35,697.42380026124
31,4/1/25,C,23,940.533754647108
32,4/1/25,C,9,680.182093692359
33,4/1/25,C,33,182.224895997737
34,4/1/25,C,12,523.418215130966
35,4/1/25,C,36,97.8156838319551
36,4/1/25,C,29,800.157742415349
37,4/1/25,C,35,506.036543804784
38,4/1/25,C,35,593.616238177699
39,4/1/25,C,25,997.235470603545
40,4/1/25,D,33,355.406526546908
41,4/1/25,C,28,792.702114420659
42,4/1/25,C,1,334.841566105446
43,4/1/25,C,35,55.1605195331466
44,4/1/25,C,5,616.337438772661
45,4/1/25,C,19,688.922759813752
46,4/1/25,C,26,611.993150433685
47,4/1/25,C,18,572.337216140545
48,4/1/25,C,1,367.533066830563
49,4/1/25,C,21,598.376370721147
50,4/1/25,C,36,102.26397783377
51,4/1/25,C,23,737.640109990616
52,4/1/25,C,33,615.56458354895
53,4/1/25,C,1,360.357582462588
54,4/1/25,C,17,696.309058410544
55,4/1/25,C,12,30.9290768924365
56,4/1/25,C,27,371.319779434336
57,4/1/25,C,17,444.022200799742
58,4/1/25,C,14,356.53858307172
59,4/1/25,C,16,636.857650501609
60,4/1/25,C,11,928.072316179753
61,4/1/25,C,5,354.388739118483
62,4/1/25,C,30,31.2812700332392
63,4/1/25,C,3,348.517152712404
64,4/1/25,C,36,513.627906694666
65,4/1/25,C,12,504.150302140891
66,4/1/25,D,16,575.597115626825
67,4/1/25,C,21,15.7491695386119
68,4/1/25,C,12,18.527116915269
69,4/1/25,C,31,541.700036043096
70,4/1/25,C,4,470.361546449215
71,4/1/25,C,8,636.167648137299
72,4/1/25,D,35,317.921738395334
73,4/1/25,C,25,480.54188197635
74,4/1/25,C,21,124.744046650645
75,4/1/25,C,11,796.457137478141
76,4/1/25,C,22,274.352669854569
77,4/1/25,C,13,898.776212193607
78,4/1/25,C,35,712.711895524921
79,4/1/25,C,14,68.4105275181216
80,4/1/25,C,32,508.919470772229
81,4/1/25,C,24,999.099273555382
82,4/1/25,C,24,868.469055115585
83,4/1/25,C,11,690.721241136127
84,4/1/25,C,31,290.652841223858
85,4/1/25,C,7,395.915196472733
86,4/1/25,C,13,53.2989807597823
87,4/1/25,C,32,249.040439398237
88,4/1/25,C,31,856.091410535451
89,4/1/25,C,20,691.184252373752
90,4/1/25,C,24,964.503043632279
91,4/1/25,C,36,899.118582522844
92,4/1/25,C,32,312.059796776764
93,4/1/25,C,23,190.617993169504
94,4/1/25,C,27,690.722664615854
95,4/1/25,C,12,581.587982067323
96,4/1/25,C,20,656.219916611575
97,4/1/25,C,30,195.472081150378
98,4/1/25,C,3,959.998225651879
99,4/1/25,C,31,688.792602815274
100,4/1/25,C,1,212.386621445766
101,4/1/25,C,26,972.544787716022
102,4/1/25,C,23,47.6057934877223
103,4/1/25,C,30,718.64997405597
104,4/1/25,C,23,870.508592381918
105,4/1/25,C,29,786.523798028341
106,4/1/25,D,22,197.0847460096
107,4/1/25,C,17,515.788995332988
108,4/1/25,D,10,482.773531964694
109,4/1/25,C,25,669.279858458275
110,4/1/25,C,36,296.829845408471
111,4/1/25,C,25,990.688043162726
112,4/1/25,C,32,612.94722520574
113,4/1/25,C,27,25.5655300791192
114,4/1/25,C,32,936.258469057486
115,4/1/25,C,14,307.698017596211
116,4/1/25,C,11,729.730960677575
117,4/1/25,C,28,136.146569596146
118,4/1/25,C,13,597.4633736497
119,4/1/25,C,5,786.423501434149
120,4/1/25,C,12,336.152629649582
121,4/1/25,C,23,139.992590578091
122,4/1/25,C,21,111.79173092449
123,4/1/25,C,3,587.340702530584
124,4/1/25,C,15,171.205631537962
125,4/1/25,C,25,221.617353823266
126,4/1/25,C,31,374.983192761635
127,4/1/25,C,8,824.015855889546
128,4/1/25,C,5,272.625770850635
129,4/1/25,D,34,918.25195640469
130,4/1/25,C,13,615.766700600931
131,4/1/25,C,20,74.1264059941469
132,4/1/25,C,11,680.141579237755
133,4/1/25,C,16,95.9097795298032
134,4/1/25,C,7,119.818799714903
135,4/1/25,C,20,634.027981878411
136,4/1/25,C,4,721.898823192078
137,4/1/25,C,3,183.446258458464
138,4/1/25,C,10,865.464596367083
139,4/1/25,C,25,6.60120679877206
140,4/1/25,C,17,821.44903820469
141,4/1/25,C,25,279.927276475492
142,4/1/25,C,28,902.334877775221
143,4/1/25,C,36,730.034332336419
144,4/1/25,C,15,754.94995217283
145,4/1/25,C,33,209.791158832246
146,4/1/25,C,26,640.302179574645
147,4/1/25,C,30,354.100328269261
148,4/1/25,C,17,891.609559312853
149,4/1/25,C,10,171.057140961167
150,4/1/25,D,31,642.334463375448
151,4/1/25,C,20,186.640593147114
152,4/1/25,C,18,955.600418351123
153,4/1/25,C,14,825.70657085707
154,4/1/25,C,17,275.762222307624
155,4/1/25,C,18,198.40960750733
156,4/1/25,C,24,534.624406337886
157,4/1/25,C,29,368.355394107389
158,4/1/25,C,14,217.298970607301
159,4/1/25,C,16,47.3329866484196
160,4/1/25,C,6,61.2862389188733
161,4/1/25,C,13,401.447345438975
162,4/1/25,D,36,174.219904824072
163,4/1/25,C,14,112.883456447591
164,4/1/25,C,11,461.82237678746
165,4/1/25,C,17,903.348020773163
166,4/1/25,C,9,471.834635331393
167,4/1/25,C,15,80.2468542423848
168,4/1/25,C,14,57.2413095991296
169,4/1/25,C,11,202.86196313564
170,4/1/25,C,31,944.529621895908
171,4/1/25,C,12,686.062536186791
172,4/1/25,C,4,162.652431643715
173,4/1/25,C,7,883.465687856616
174,4/1/25,C,21,618.718693657542
175,4/1/25,C,20,151.308482102329
176,4/1/25,C,3,840.166332921749
177,4/1/25,C,2,588.311549102828
178,4/1/25,C,5,875.1578287786
179,4/1/25,D,18,606.683865338647
180,4/1/25,C,24,435.426113101338
181,4/1/25,D,31,833.019291456011
182,4/1/25,C,35,641.108216865824
183,4/1/25,C,5,467.575457653692
184,4/1/25,C,24,814.670149216472
185,4/1/25,C,26,877.255459719465
186,4/1/25,C,34,568.095813068125
187,4/1/25,C,9,247.524359625894
188,4/1/25,C,29,840.253114928115
189,4/1/25,C,6,350.247906206568
190,4/1/25,C,11,660.331843795842
191,4/1/25,C,28,583.286849509794
192,4/1/25,C,27,970.964418426585
193,4/1/25,C,15,207.352994059578
194,4/1/25,C,34,937.473566579326
195,4/1/25,C,8,170.436168227965
196,4/1/25,C,34,216.638252123773
197,4/1/25,C,28,685.917012738734
198,4/1/25,C,31,924.595579392492
199,4/1/25,C,30,605.69421273258
200,4/1/25,C,6,192.30384013945
201,4/1/25,C,15,20.0697426378262
202,4/1/25,C,36,296.172390813137
203,4/1/25,C,32,107.038327771821
204,4/1/25,C,36,312.65186792421
205,4/1/25,D,29,610.220291990044
206,4/1/25,C,4,187.087759061159
207,4/1/25,C,34,296.394510722658
208,4/1/25,C,9,140.925289326299
209,4/1/25,C,33,20.7891245365076
210,4/1/25,C,5,831.387555010127
211,4/1/25,C,9,558.360147358986
212,4/1/25,D,14,820.711335242063
213,4/1/25,C,10,706.006288972697
214,4/1/25,C,25,916.80418311025
215,4/1/25,C,9,591.174076938059
216,4/1/25,C,20,993.532168319901
217,4/1/25,D,21,929.82047123148
218,4/1/25,C,13,370.396797343231
219,4/1/25,C,32,276.476045305163
220,4/1/25,C,36,399.46340896143
221,4/1/25,C,15,643.164510358264
222,4/1/25,C,16,668.194510325676
223,4/1/25,C,31,369.141493770686
224,4/1/25,C,15,473.886653241187
225,4/1/25,D,12,902.305911220727
226,4/1/25,C,16,351.363972075135
227,4/1/25,C,20,627.430693652143
228,4/1/25,C,26,989.614249372618
229,4/1/25,D,30,552.07264369778
230,4/1/25,C,22,645.149681520473
231,4/1/25,C,17,381.116059812504
232,4/1/25,C,15,244.695853635496
233,4/1/25,C,2,420.50444322919
234,4/1/25,C,25,376.539270281549
235,4/1/25,C,20,964.346278430908
236,4/1/25,C,11,223.761025189312
237,4/1/25,C,8,19.041108700014
238,4/1/25,C,6,268.627840434744
239,4/1/25,C,21,563.714102082577
240,4/1/25,C,19,623.565348758834
241,4/1/25,C,11,919.707452310249
242,4/1/25,C,8,345.230780678469
243,4/1/25,C,21,190.929592346949
244,4/1/25,C,23,633.357383513407
245,4/1/25,C,17,683.15438847485
246,4/1/25,D,35,364.497719432538
247,4/1/25,C,21,838.44421396943
248,4/1/25,C,29,752.233968821215
249,4/1/25,C,3,40.6526758948792
250,4/1/25,C,22,397.989094440818
251,4/1/25,C,28,445.550383827759
252,4/1/25,C,26,546.485098829375
253,4/1/25,D,9,405.850164618585
254,4/1/25,C,19,183.457519178798
255,4/1/25,C,18,874.588980499907
256,4/1/25,C,2,769.417356136043
257,4/1/25,C,1,796.417974863513
258,4/1/25,C,19,908.811337075308
259,4/1/25,C,3,408.325721539822
260,4/1/25,C,15,207.203901950784
261,4/1/25,D,26,150.075580991875
262,4/1/25,C,4,635.180875132814
263,4/1/25,C,1,966.810578037888
264,4/1/25,C,22,686.287252828103
265,4/1/25,C,12,717.880688473086
266,4/1/25,D,20,285.828458840199
267,4/1/25,C,22,353.336730318356
268,4/1/25,C,30,789.813461754081
269,4/1/25,C,15,714.431978450697
270,4/1/25,C,16,419.476403823237
271,4/1/25,C,5,35.2187768766305
272,4/1/25,C,3,545.581263408312
273,4/1/25,C,34,34.0317307617567
274,4/1/25,C,3,139.869438631426
275,4/1/25,C,5,299.06935604308
276,4/1/25,C,1,800.756476534193
277,4/1/25,C,10,540.476213180575
278,4/1/25,C,2,366.329181269515
279,4/1/25,C,20,358.523662185791
280,4/1/25,C,31,640.639230605624
281,4/1/25,C,36,839.7854827827
282,4/1/25,C,32,667.881773470424
283,4/1/25,C,5,781.163490676709
284,4/1/25,C,15,152.035927875311
285,4/1/25,C,6,874.414715919988
286,4/1/25,D,26,469.932332297756
287,4/1/25,C,16,704.266808569657
288,4/1/25,C,36,874.726286747767
289,4/1/25,C,4,286.271795438144
290,4/1/25,C,9,631.807152592622
291,4/1/25,C,2,167.535814481924
292,4/1/25,C,5,386.96787623595
293,4/1/25,C,6,645.541711971829
294,4/1/25,C,6,845.28888450569
295,4/1/25,C,14,820.27920680679
296,4/1/25,C,23,942.905964716815
297,4/1/25,C,19,607.709185485472
298,4/1/25,C,2,197.03696189988
299,4/1/25,C,12,363.514140138163
300,4/1/25,C,29,713.338635981793
301,4/1/25,C,28,117.852825470467
302,4/1/25,C,10,841.799745758008
303,4/1/25,C,3,998.150863090188
304,4/1/25,C,9,473.209544337955
305,4/1/25,C,6,518.659749168901
306,4/1/25,C,27,727.818866475989
307,4/1/25,C,9,42.6241201574307
308,4/1/25,C,36,297.955269076072
309,4/1/25,C,8,439.849352915766
310,4/1/25,C,14,130.195112024744
311,4/1/25,C,10,976.529222218305
312,4/1/25,C,8,217.696652584468
313,4/1/25,C,17,777.407728999158
314,4/1/25,C,13,60.2759083687013
315,4/1/25,C,11,107.467852195186
316,4/1/25,D,7,135.82191741109
317,4/1/25,C,17,863.773788084
318,4/1/25,C,5,18.6096712299237
319,4/1/25,C,26,380.709892121569
320,4/1/25,C,1,354.342420628354
321,4/1/25,C,32,623.496097965738
322,4/1/25,C,30,957.96149292589
323,4/1/25,C,6,640.698282849433
324,4/1/25,C,3,922.215075813681
325,4/1/25,C,1,533.231120369508
326,4/1/25,C,10,80.6820656332043
327,4/1/25,C,4,221.439712869569
328,4/1/25,C,17,784.859987537705
329,4/1/25,C,4,387.071333219238
330,4/1/25,C,11,451.882047071644
331,4/1/25,C,21,17.0236801996647
332,4/1/25,C,36,49.2235685137976
333,4/1/25,C,3,98.4332932424643
334,4/1/25,C,8,108.681673873331
335,4/1/25,C,21,397.619137098338
336,4/1/25,C,7,89.9359212971561
337,4/1/25,C,20,822.86593315658
338,4/1/25,C,5,888.629807497988
339,4/1/25,C,33,34.6800507094905
340,4/1/25,C,34,727.626780633899
341,4/1/25,C,19,329.604014347601
342,4/1/25,C,26,382.585217184347
343,4/1/25,C,9,369.110789215422
344,4/1/25,C,30,240.401621839924
345,4/1/25,C,36,982.214869671329
346,4/1/25,C,11,284.683986936379
347,4/1/25,C,35,377.188548347294
348,4/1/25,C,16,864.628027551744
349,4/1/25,C,8,310.078580605963
350,4/1/25,C,14,660.778603085009
351,4/1/25,C,34,19.2846330847338
352,4/1/25,C,21,728.73038614134
353,4/1/25,C,10,653.689157926125
354,4/1/25,C,32,938.04221219519
355,4/1/25,C,8,397.754524892941
356,4/1/25,C,26,280.592300057537
357,4/1/25,C,32,821.87712159987
358,4/1/25,C,27,300.725660170289
359,4/1/25,D,10,241.539627782523
360,4/1/25,C,16,928.979683016117
361,4/1/25,C,34,698.386760828279
362,4/1/25,C,9,915.430833331279
363,4/1/25,C,6,228.476234505208
364,4/1/25,C,17,729.589558301965
365,4/1/25,C,28,340.422811960549
366,4/1/25,C,6,693.766297561658
367,4/1/25,C,35,173.0851889436
368,4/1/25,C,21,718.215928948697
369,4/1/25,C,34,231.185631838631
370,4/1/25,C,22,813.109196055716
371,4/1/25,C,6,48.0719388051174
372,4/1/25,C,7,493.339195342397
373,4/1/25,C,4,131.847941893871
374,4/1/25,C,35,784.861341909541
375,4/1/25,C,18,358.149384759822
376,4/1/25,C,28,261.099634028843
377,4/1/25,C,27,814.13493970044
378,4/1/25,C,12,736.172367677767
379,4/1/25,C,5,840.497183723526
380,4/1/25,C,3,986.119747426851
381,4/1/25,C,16,955.226688220039
382,4/1/25,C,11,208.958078721943
383,4/1/25,C,12,608.900696018054
384,4/1/25,C,19,66.2496372963185
385,4/1/25,C,28,853.750876109839
386,4/1/25,C,11,432.130450342057
387,4/1/25,C,18,730.928513570596
388,4/1/25,C,17,200.356988296407
389,4/1/25,C,20,614.928902468345
390,4/1/25,C,12,772.410366840536
391,4/1/25,C,13,221.967940597241
392,4/1/25,C,24,405.41475895082
393,4/1/25,C,29,175.003106731554
394,4/1/25,C,35,295.180934176138
395,4/1/25,C,28,649.152165324034
396,4/1/25,C,25,911.346574970787
397,4/1/25,C,18,828.185711771154
398,4/1/25,C,19,165.462343163149
399,4/1/25,C,1,759.679892543951
400,4/1/25,D,16,678.587559344941
401,4/1/25,C,15,572.638494780564
402,4/1/25,C,34,528.734005989522
403,4/1/25,C,29,321.732256764168
404,4/1/25,C,23,593.09116918638
405,4/1/25,C,24,552.269185592282
406,4/1/25,C,30,532.131223040762
407,4/1/25,C,11,532.37009518308
408,4/1/25,C,34,497.156406959409
409,4/1/25,C,31,79.0015463208494
410,4/1/25,C,6,808.302290404394
411,4/1/25,C,24,868.401198756959
412,4/1/25,C,32,282.342638556174
413,4/1/25,C,6,26.5232950892207
414,4/1/25,C,35,936.190250884929
415,4/1/25,C,28,1.65726456592413
416,4/1/25,C,20,905.974285699899
417,4/1/25,C,12,233.539550932142
418,4/1/25,C,22,423.991377196325
419,4/1/25,C,13,260.176873714135
420,4/1/25,C,34,376.261296209774
421,4/1/25,C,26,181.267478318238
422,4/1/25,C,16,23.7621612366437
423,4/1/25,C,24,425.27349260306
424,4/1/25,C,34,683.110694893492
425,4/1/25,C,35,626.524912265937
426,4/1/25,C,31,206.158974422315
427,4/1/25,C,7,270.041281083006
428,4/1/25,C,26,203.963549259178
429,4/1/25,C,2,115.56728363538
430,4/1/25,C,14,59.3550955292067
431,4/1/25,C,31,6.1810517087426
432,4/1/25,C,21,731.118267746229
433,4/1/25,C,30,197.716469303598
434,4/1/25,C,12,996.689873903296
435,4/1/25,C,1,708.678242930629
436,4/1/25,C,10,789.462696883613
437,4/1/25,C,6,371.544853470084
438,4/1/25,C,18,509.660088691832
439,4/1/25,C,2,254.726265558282
440,4/1/25,C,18,612.035858750257
441,4/1/25,C,30,27.0914835183691
442,4/1/25,C,33,791.237235158371
443,4/1/25,C,35,247.717092015839
444,4/1/25,C,30,187.803713004806
445,4/1/25,C,28,640.551798617764
446,4/1/25,C,8,871.393215303118
447,4/1/25,C,19,29.4584406917158
448,4/1/25,C,26,603.177491586604
449,4/1/25,D,5,5.16394348366267
450,4/1/25,C,19,637.091563069078
451,4/1/25,C,18,466.970384019907
452,4/1/25,C,3,796.702016558659
453,4/1/25,C,5,495.073259249774
454,4/1/25,C,9,511.987609654076
455,4/1/25,C,36,617.646235960885
456,4/1/25,C,25,259.107602768414
457,4/1/25,C,10,690.390323031802
458,4/1/25,C,11,4.14840876739457
459,4/1/25,C,14,584.0814599618
460,4/1/25,C,11,54.9555829413292
461,4/1/25,C,12,802.320232608136
462,4/1/25,C,30,602.016981288667
463,4/1/25,C,10,623.071757005706
464,4/1/25,C,9,51.9263094186279
465,4/1/25,C,6,634.934402239556
466,4/1/25,C,36,552.608640653287
467,4/1/25,C,18,142.969186711792
468,4/1/25,C,5,604.250063365627
469,4/1/25,C,17,593.350014874488
470,4/1/25,C,23,7.39619307927123
471,4/1/25,C,18,525.181354129527
472,4/1/25,C,25,202.09455303353
473,4/1/25,C,31,998.02532923176
474,4/1/25,C,33,860.860899425946
475,4/1/25,C,35,325.408075496377
476,4/1/25,C,20,155.949341211335
477,4/1/25,D,10,978.280052408517
478,4/1/25,C,15,367.20298677124
479,4/1/25,C,35,627.042613954585
480,4/1/25,C,28,477.252733117902
481,4/1/25,C,2,698.071842259503
482,4/1/25,C,11,772.090778837407
483,4/1/25,D,2,994.867706942395
484,4/1/25,C,28,460.392666237329
485,4/1/25,C,33,533.050486036861
486,4/1/25,C,15,561.677475441771
487,4/1/25,C,10,260.996567913097
488,4/1/25,C,30,864.341588426242
489,4/1/25,C,13,240.826089567417
490,4/1/25,C,17,332.074247318984
491,4/1/25,C,30,81.0928876266412
492,4/1/25,C,25,334.606239590203
493,4/1/25,D,22,991.519242453678
494,4/1/25,C,15,751.213735954405
495,4/1/25,C,12,740.437811919675
496,4/1/25,C,35,301.685836587895
497,4/1/25,C,17,3.95533993990543
498,4/1/25,C,16,444.54088775261
499,4/1/25,C,15,55.5877211487823
500,4/1/25,C,21,567.327899435941
501,4/1/25,C,9,551.401371314983
502,4/1/25,C,23,172.092744615313
503,4/1/25,C,26,814.840759170644
504,4/1/25,C,5,380.52002985334
505,4/1/25,D,17,660.393855368344
506,4/1/25,C,3,477.762757218373
507,4/1/25,C,24,508.517932450508
508,4/1/25,C,17,458.996716563116
509,4/1/25,C,18,309.106809593693
510,4/1/25,C,2,856.58643299745
511,4/1/25,C,15,55.6479499554502
512,4/1/25,C,5,557.940717213229
513,4/1/25,C,7,269.884087459459
514,4/1/25,C,18,107.952021172208
515,4/1/25,C,18,915.921620857038
516,4/1/25,C,16,703.119344608981
517,4/1/25,C,17,578.844480101747
518,4/1/25,C,5,740.501505174992
519,4/1/25,C,26,757.642851195348
520,4/1/25,C,8,877.599063680734
521,4/1/25,D,15,529.647809099656
522,4/1/25,C,25,310.864023109532
523,4/1/25,C,10,442.670816998522
524,4/1/25,C,35,407.1561724167
525,4/1/25,C,18,670.349692022913
526,4/1/25,D,27,907.405245237025
527,4/1/25,C,25,799.975513192277
528,4/1/25,C,33,203.142342463267
529,4/1/25,C,22,629.931079096205
530,4/1/25,C,1,432.834054498572
531,4/1/25,C,36,541.20762060016
532,4/1/25,C,6,783.249151080506
533,4/1/25,C,9,978.869090849754
534,4/1/25,C,17,108.834408034621
535,4/1/25,C,8,863.129897889884
536,4/1/25,C,9,680.606771680175
537,4/1/25,C,1,580.239489197505
538,4/1/25,C,32,257.589432060537
539,4/1/25,C,11,105.072007996694
540,4/1/25,D,19,392.994496178914
541,4/1/25,C,15,248.497418322177
542,4/1/25,C,35,713.382098112078
543,4/1/25,C,8,818.014523521599
544,4/1/25,C,33,927.250345959406
545,4/1/25,C,2,804.46503062183
546,4/1/25,C,24,850.994666958903
547,4/1/25,C,34,361.016841653385
548,4/1/25,C,24,85.3740218369731
549,4/1/25,C,17,102.656869099052
550,4/1/25,C,32,732.106728617063
551,4/1/25,C,36,663.261116887019
552,4/1/25,C,6,284.491214242077
553,4/1/25,C,25,384.89501051073
554,4/1/25,C,19,360.45001802589
555,4/1/25,C,36,199.345231940571
556,4/1/25,C,3,309.853493696838
557,4/1/25,C,3,982.495571057641
558,4/1/25,C,4,610.952176722188
559,4/1/25,C,3,777.42959058601
560,4/1/25,C,11,636.712556101439
561,4/1/25,C,21,97.3563744584422
562,4/1/25,C,26,249.176824938608
563,4/1/25,C,1,449.092268987523
564,4/1/25,C,2,918.224157951933
565,4/1/25,D,9,497.887257227126
566,4/1/25,C,8,90.8241784923154
567,4/1/25,C,29,375.527107299855
568,4/1/25,C,35,535.492135583015
569,4/1/25,D,25,135.126325004465
570,4/1/25,C,33,652.657307434883
571,4/1/25,C,28,136.823505691181
572,4/1/25,C,1,807.428713026039
573,4/1/25,D,21,905.135950240793
574,4/1/25,C,8,449.314704189499
575,4/1/25,D,24,962.968460090345
576,4/1/25,C,4,392.360714839608
577,4/1/25,C,10,940.764106267176
578,4/1/25,C,5,621.784509610911
579,4/1/25,C,8,520.718958821479
580,4/1/25,C,15,741.336218955873
581,4/1/25,C,6,746.374697325871
582,4/1/25,C,3,759.880948170696
583,4/1/25,D,23,570.294105021946
584,4/1/25,C,19,806.78939603035
585,4/1/25,C,22,876.408717148352
586,4/1/25,C,20,751.034989307604
587,4/1/25,C,31,959.812859141441
588,4/1/25,C,31,358.238711304704
589,4/1/25,C,12,889.524333652537
590,4/1/25,C,14,902.037027841224
591,4/1/25,C,13,121.049553176483
592,4/1/25,C,9,57.9158240861246
593,4/1/25,C,30,236.014739136142
594,4/1/25,C,33,187.017136040792
595,4/1/25,C,9,452.363369693027
596,4/1/25,D,6,375.831774753436
597,4/1/25,C,23,253.758396269707
598,4/1/25,C,34,835.561087218385
599,4/1/25,C,8,343.765118461342
600,4/1/25,C,27,954.862886494568
601,4/1/25,C,33,903.871105160506
602,4/1/25,C,24,604.603732273587
603,4/1/25,C,26,978.121023038397
604,4/1/25,C,26,458.36674797753
605,4/1/25,C,8,713.317763971556
606,4/1/25,C,30,344.145943636115
607,4/1/25,C,5,97.9340089156989
608,4/1/25,C,29,622.822281519165
609,4/1/25,D,17,376.369512741571
610,4/1/25,C,34,225.909976409796
611,4/1/25,C,16,694.802843266305
612,4/1/25,C,36,541.148548605517
613,4/1/25,D,23,360.838066751911
614,4/1/25,C,17,563.808835910686
615,4/1/25,C,5,268.671795749867
616,4/1/25,C,30,90.064921919638
617,4/1/25,C,14,465.166723121061
618,4/1/25,C,35,565.962419945538
619,4/1/25,C,23,289.96779411532
620,4/1/25,C,25,430.227502548208
621,4/1/25,C,34,969.32879719827
622,4/1/25,C,1,654.808611319757
623,4/1/25,C,30,769.478860674586
624,4/1/25,C,20,895.413950013203
625,4/1/25,C,11,890.228138789061
626,4/1/25,C,31,286.60932028006
627,4/1/25,C,35,945.938728881735
628,4/1/25,C,10,88.409442495842
629,4/1/25,C,13,324.740972550364
630,4/1/25,C,1,31.293017752842
631,4/1/25,C,28,59.9140245507832
632,4/1/25,C,27,555.594865067346
633,4/1/25,C,13,760.562360147903
634,4/1/25,C,11,58.3474048133019
635,4/1/25,C,18,842.222592718785
636,4/1/25,C,10,920.708824590631
637,4/1/25,C,11,780.245633150833
638,4/1/25,C,34,146.871116571526
639,4/1/25,C,19,964.778501978884
640,4/1/25,C,26,735.299616301709
641,4/1/25,C,21,399.685560106619
642,4/1/25,C,26,289.367190592221
643,4/1/25,C,17,405.35811579042
644,4/1/25,C,21,306.423583955255
645,4/1/25,C,10,875.862050975777
646,4/1/25,C,22,696.927502235865
647,4/1/25,C,23,752.852027133126
648,4/1/25,C,8,752.617095406546
649,4/1/25,C,30,22.1193218157122
650,4/1/25,C,29,691.699674681024
651,4/1/25,C,6,628.837285622111
652,4/1/25,C,32,49.6286369746947
653,4/1/25,C,30,467.292463560342
654,4/1/25,C,1,362.020898719037
655,4/1/25,C,17,744.81674839951
656,4/1/25,C,9,244.331417860282
657,4/1/25,C,32,37.1445985908238
658,4/1/25,C,19,945.167432227307
659,4/1/25,C,3,916.620541443636
660,4/1/25,C,29,795.836955461456
661,4/1/25,C,12,923.384058698611
662,4/1/25,C,21,657.105330224374
663,4/1/25,C,4,490.777751211046
664,4/1/25,C,2,404.650836729751
665,4/1/25,C,16,514.780750197641
666,4/1/25,C,16,217.095460494274
667,4/1/25,C,27,981.33496794057
668,4/1/25,C,8,616.08843391979
669,4/1/25,C,9,569.203100876855
670,4/1/25,D,7,379.89596436067
671,4/1/25,C,20,74.7767493581277
672,4/1/25,C,8,921.099460064977
673,4/1/25,C,27,826.019209568063
674,4/1/25,C,13,646.618440871945
675,4/1/25,C,15,63.9957484382804
676,4/1/25,C,27,168.820757221359
677,4/1/25,C,25,111.772466508334
678,4/1/25,C,26,442.524373378054
679,4/1/25,C,24,753.859350371139
680,4/1/25,C,34,688.924029339211
681,4/1/25,C,16,775.423606789244
682,4/1/25,C,30,185.980091145733
683,4/1/25,C,3,856.854394773794
684,4/1/25,C,15,410.531988452926
685,4/1/25,C,33,124.706103660241
686,4/1/25,C,3,499.297510198311
687,4/1/25,C,28,141.6492900006
688,4/1/25,C,16,230.657597057954
689,4/1/25,C,25,775.034824744863
690,4/1/25,C,6,684.57983240332
691,4/1/25,C,9,111.835969989657
692,4/1/25,C,27,976.641652684168
693,4/1/25,C,15,208.730434163642
694,4/1/25,C,7,873.215656428733
695,4/1/25,C,28,124.25630022603
696,4/1/25,C,15,972.346172255354
697,4/1/25,C,27,281.132117524872
698,4/1/25,C,20,668.431654601192
699,4/1/25,C,5,208.792939790808
700,4/1/25,C,14,935.609635099861
701,4/1/25,C,23,750.983963830472
702,4/1/25,C,12,741.927790967348
703,4/1/25,C,33,316.073133068467
704,4/1/25,C,14,828.445905875113
705,4/1/25,D,24,678.158886202157
706,4/1/25,C,33,335.537530596294
707,4/1/25,C,13,664.178971896306
708,4/1/25,C,13,573.962434352734
709,4/1/25,C,29,998.346330780437
710,4/1/25,C,23,793.422393045692
711,4/1/25,C,4,518.554607609474
712,4/1/25,C,5,148.121466728341
713,4/1/25,C,5,16.7818076505888
714,4/1/25,C,5,644.346949392817
715,4/1/25,C,17,183.239051514333
716,4/1/25,C,26,309.230485203135
717,4/1/25,C,14,843.960355702273
718,4/1/25,C,17,939.900745631019
719,4/1/25,C,7,786.430122386354
720,4/1/25,C,30,291.676146182007
721,4/1/25,C,26,21.3974289357584
722,4/1/25,C,21,6.8089163614896
723,4/1/25,C,3,124.793661725487
724,4/1/25,C,17,102.233380926066
725,4/1/25,D,32,959.39570110923
726,4/1/25,C,7,561.801268299467
727,4/1/25,C,32,512.553973029013
728,4/1/25,C,6,958.505715923362
729,4/1/25,C,18,661.765277857394
730,4/1/25,C,23,9.21537907238737
731,4/1/25,C,33,943.190385777273
732,4/1/25,C,35,118.750232439673
733,4/1/25,C,13,843.750275530868
734,4/1/25,C,2,624.036053909546
735,4/1/25,C,1,253.664388092955
736,4/1/25,C,1,516.179740820407
737,4/1/25,C,36,517.885673962392
738,4/1/25,C,27,711.563905292971
739,4/1/25,C,23,959.312906480634
740,4/1/25,D,15,954.372092986386
741,4/1/25,C,34,751.843848041285
742,4/1/25,C,15,370.374947509621
743,4/1/25,C,16,640.614351180408
744,4/1/25,D,9,670.471210029699
745,4/1/25,C,32,595.520145938353
746,4/1/25,D,12,143.829022444511
747,4/1/25,C,29,668.557807747806
748,4/1/25,C,13,798.70944776244
749,4/1/25,C,17,263.8588462846
750,4/1/25,C,31,105.882161690003
751,4/1/25,C,19,588.446633076517
752,4/1/25,C,19,62.8780466640125
753,4/1/25,C,1,173.982779181457
754,4/1/25,C,35,23.5948912481517
755,4/1/25,C,2,519.331030590208
756,4/1/25,C,3,838.330854445873
757,4/1/25,C,18,980.151960436506
758,4/1/25,C,16,978.951165685197
759,4/1/25,C,1,429.381022139119
760,4/1/25,C,25,859.067290489097
761,4/1/25,C,21,63.9473813140871
762,4/1/25,C,36,949.497337157946
763,4/1/25,C,26,195.31794986369
764,4/1/25,C,20,674.841705358829
765,4/1/25,C,34,268.412977329372
766,4/1/25,C,23,388.834821033602
767,4/1/25,C,10,402.925074616737
768,4/1/25,D,17,513.275829918893
769,4/1/25,C,4,598.293898420753
770,4/1/25,C,22,353.083044071203
771,4/1/25,C,2,477.509955704509
772,4/1/25,C,24,935.372501430254
773,4/1/25,C,9,522.467827615839
774,4/1/25,D,32,21.2357799068952
775,4/1/25,C,14,309.797306161852
776,4/1/25,C,16,560.918849985245
777,4/1/25,C,31,198.274174134753
778,4/1/25,C,27,657.149746490219
779,4/1/25,C,24,465.210078803717
780,4/1/25,C,16,888.838663548377
781,4/1/25,C,36,863.409757623108
782,4/1/25,C,19,64.6210037800736
783,4/1/25,C,25,775.170767734853
784,4/1/25,C,30,692.98169816854
785,4/1/25,C,22,79.1331250845291
786,4/1/25,C,33,222.170537184213
787,4/1/25,C,13,966.21078918094
788,4/1/25,C,16,287.077966060834
789,4/1/25,C,35,610.992980595079
790,4/1/25,C,24,918.725673539141
791,4/1/25,C,21,809.758124252866
792,4/1/25,D,33,818.479030602059
793,4/1/25,C,19,177.411471360128
794,4/1/25,C,11,639.548497368018
795,4/1/25,D,13,857.068252889056
796,4/1/25,C,22,700.634950489641
797,4/1/25,C,30,861.807314585718
798,4/1/25,C,10,904.680286611454
799,4/1/25,C,23,69.2608701529704
800,4/1/25,C,36,856.817426164589
801,4/1/25,C,18,215.120797143319
802,4/1/25,C,36,451.831734737838
803,4/1/25,D,23,301.064358671816
804,4/1/25,C,9,803.646482123593
805,4/1/25,C,5,59.548149667632
806,4/1/25,D,24,92.6318628374442
807,4/1/25,C,29,469.773356351426
808,4/1/25,C,23,328.515531796011
809,4/1/25,C,25,110.023593777184
810,4/1/25,C,20,764.728689559818
811,4/1/25,C,8,258.551257694785
812,4/1/25,C,8,578.336948570815
813,4/1/25,C,31,901.807622427643
814,4/1/25,C,24,990.41568459591
815,4/1/25,C,35,579.442175159737
816,4/1/25,C,23,452.036225121823
817,4/1/25,C,24,361.49760915575
818,4/1/25,C,1,831.807158849266
819,4/1/25,C,12,417.24089205974
820,4/1/25,D,15,629.757563495948
821,4/1/25,C,31,22.2606904171993
822,4/1/25,C,3,123.609635992855
823,4/1/25,C,25,982.122513082186
824,4/1/25,C,24,415.692723071832
825,4/1/25,C,14,928.594137975735
826,4/1/25,C,18,81.4408948930121
827,4/1/25,C,29,488.821007147142
828,4/1/25,C,5,421.893092688946
829,4/1/25,C,6,294.623726964453
830,4/1/25,C,19,308.793798178816
831,4/1/25,C,18,179.828228824301
832,4/1/25,C,13,588.493102668335
833,4/1/25,C,24,362.923072597134
834,4/1/25,C,25,538.431761859099
835,4/1/25,C,29,273.494812077822
836,4/1/25,C,18,237.694139835542
837,4/1/25,D,3,289.136367742822
838,4/1/25,C,17,307.071341935886
839,4/1/25,C,19,544.945039011567
840,4/1/25,C,18,224.37103870331
841,4/1/25,C,2,765.483473307527
842,4/1/25,C,3,516.071462858745
843,4/1/25,C,18,223.492657661457
844,4/1/25,C,28,412.370975715462
845,4/1/25,C,14,777.20612152087
846,4/1/25,C,17,621.852563544747
847,4/1/25,C,35,506.418258748779
848,4/1/25,C,32,159.517461286048
849,4/1/25,C,34,941.678225119216
850,4/1/25,C,25,533.154067090534
851,4/1/25,C,8,141.488141580856
852,4/1/25,C,3,358.300146253667
853,4/1/25,C,22,645.151958164281
854,4/1/25,C,1,554.908807186011
855,4/1/25,D,13,689.663897442832
856,4/1/25,C,5,307.815764784478
857,4/1/25,C,30,260.538009784582
858,4/1/25,C,29,219.023609959521
859,4/1/25,C,15,735.826466477094
860,4/1/25,C,33,51.468138914441
861,4/1/25,C,9,518.454456574204
862,4/1/25,C,10,675.544539823143
863,4/1/25,C,34,877.082989879688
864,4/1/25,C,8,742.341356678996
865,4/1/25,C,2,492.492019079971
866,4/1/25,C,18,551.325703173434
867,4/1/25,C,14,913.579073944305
868,4/1/25,C,11,152.908117171346
869,4/1/25,C,1,726.531470765251
870,4/1/25,C,14,813.211376051956
871,4/1/25,C,17,561.450394932714
872,4/1/25,D,17,767.209194299159
873,4/1/25,C,36,67.0622899186497
874,4/1/25,C,3,329.272194623814
875,4/1/25,D,4,228.008526101945
876,4/1/25,C,4,983.888085993589
877,4/1/25,C,32,228.130586387673
878,4/1/25,C,10,788.155772155941
879,4/1/25,C,21,204.986084928175
880,4/1/25,C,8,443.783877263548
881,4/1/25,D,14,31.9797228062409
882,4/1/25,C,25,307.452252848606
883,4/1/25,C,7,264.537834737103
884,4/1/25,C,18,100.983031799204
885,4/1/25,C,8,236.106128137748
886,4/1/25,C,9,158.39923799613
887,4/1/25,D,25,787.81855641373
888,4/1/25,C,25,891.483523569327
889,4/1/25,C,28,841.242513058121
890,4/1/25,C,19,227.71780013696
891,4/1/25,C,25,797.373113085149
892,4/1/25,C,25,369.716768364834
893,4/1/25,C,28,33.2865770608511
894,4/1/25,C,10,642.358240777477
895,4/1/25,C,32,871.672018886461
896,4/1/25,C,23,982.373028546491
897,4/1/25,C,18,119.014694249884
898,4/1/25,C,1,372.694032602077
899,4/1/25,C,5,324.045734853284
900,4/1/25,C,14,454.235680715385
901,4/1/25,C,28,259.314541662922
902,4/1/25,C,36,86.9157352738019
903,4/1/25,C,34,147.45591897939
904,4/1/25,C,12,576.630020080524
905,4/1/25,C,11,599.357731580522
906,4/1/25,C,9,901.509399988804
907,4/1/25,C,35,325.850878114504
908,4/1/25,C,34,973.473272248659
909,4/1/25,C,3,47.6675623473244
910,4/1/25,C,27,305.607123856883
911,4/1/25,C,13,105.10439201847
912,4/1/25,C,33,326.531300815288
913,4/1/25,C,6,234.191185498352
914,4/1/25,C,8,803.683569758408
915,4/1/25,C,17,494.119472386951
916,4/1/25,C,13,738.968701613529
917,4/1/25,C,28,183.696991461253
918,4/1/25,C,33,978.434227806494
919,4/1/25,C,31,677.204909264127
920,4/1/25,C,33,436.442332450609
921,4/1/25,C,26,697.462673847394
922,4/1/25,D,15,240.98884132429
923,4/1/25,D,26,329.443211439368
924,4/1/25,C,28,508.653175584612
925,4/1/25,C,14,786.157722858651
926,4/1/25,C,12,953.780436316717
927,4/1/25,C,17,584.168174350556
928,4/1/25,C,22,245.338179433984
929,4/1/25,C,30,918.578900874602
930,4/1/25,C,30,140.535363413617
931,4/1/25,C,26,419.72016575344
932,4/1/25,C,23,838.246637508547
933,4/1/25,C,35,171.458389107896
934,4/1/25,C,16,684.267855129024
935,4/1/25,C,28,826.981173319052
936,4/1/25,C,5,164.354096326362
937,4/1/25,C,21,137.45442224701
938,4/1/25,C,15,387.42622683629
939,4/1/25,C,23,464.606606701268
940,4/1/25,C,21,532.114042410582
941,4/1/25,C,3,438.874437650321
942,4/1/25,C,30,197.176882559115
943,4/1/25,C,32,285.23441188351
944,4/1/25,C,31,350.008390110217
945,4/1/25,C,14,220.214203779045
946,4/1/25,C,28,872.937914222051
947,4/1/25,C,21,328.379358628675
948,4/1/25,C,3,371.219172859344
949,4/1/25,C,29,69.2701280933619
950,4/1/25,D,13,346.077749462006
951,4/1/25,C,25,83.347619867937
952,4/1/25,C,13,602.539103715592
953,4/1/25,C,29,950.82684440184
954,4/1/25,C,9,747.379083308799
955,4/1/25,D,25,986.897626561725
956,4/1/25,C,21,83.778073565008
957,4/1/25,D,14,466.040703235081
958,4/1/25,C,5,333.753125924262
959,4/1/25,C,3,199.636183688494
960,4/1/25,D,21,484.858158039707
961,4/1/25,C,31,333.3854280901
962,4/1/25,C,29,56.9796815773822
963,4/1/25,C,2,505.789651408068
964,4/1/25,D,10,469.677896698227
965,4/1/25,C,36,198.500140365876
966,4/1/25,C,36,362.770475724584
967,4/1/25,C,15,241.236687018364
968,4/1/25,C,24,874.760896177383
969,4/1/25,C,6,376.710479147849
970,4/1/25,C,21,828.162852363863
971,4/1/25,C,9,243.650493365639
972,4/1/25,C,32,587.535660760606
973,4/1/25,C,14,417.012996516818
974,4/1/25,C,1,448.706010457923
975,4/1/25,C,28,841.244718266904
976,4/1/25,C,10,426.112686615558
977,4/1/25,C,17,108.279047224712
978,4/1/25,C,14,679.884575622298
979,4/1/25,D,28,598.170140920293
980,4/1/25,C,30,766.312138409522
981,4/1/25,C,33,76.8756252589181
982,4/1/25,C,29,468.071160897423
983,4/1/25,C,3,690.342692198918
984,4/1/25,C,22,906.269393337422
985,4/1/25,C,12,945.785618763895
986,4/1/25,C,15,237.930546309027
987,4/1/25,C,34,281.833133221343
988,4/1/25,C,13,760.74151180794
989,4/1/25,C,24,963.959379454239
990,4/1/25,C,9,348.881751464967
991,4/1/25,C,25,722.426570764421
992,4/1/25,C,1,544.968465927865
993,4/1/25,C,16,988.474259360184
994,4/1/25,C,35,70.481456531326
995,4/1/25,C,30,61.506296320012
996,4/1/25,D,19,75.7067782683
997,4/1/25,C,4,666.272192981782
998,4/1/25,C,3,646.322274577433
999,4/1/25,C,7,972.272680300901
1000,4/1/25,C,27,256.922693068141
